{"accuracy": [0.25767946243286133, 0.4836393892765045, 0.5876460671424866, 0.6670283675193787, 0.7205342054367065, 0.7605175375938416, 0.7931552529335022, 0.8272954821586609, 0.8481636047363281, 0.8723706007003784, 0.8863105177879333, 0.9057595729827881, 0.9218697547912598, 0.9238731265068054, 0.9357262253761292, 0.941652774810791, 0.9511685967445374, 0.9545909762382507, 0.9561769366264343, 0.9638563990592957], "loss": [2.009002923965454, 1.4648507833480835, 1.1821893453598022, 0.9813503623008728, 0.8256339430809021, 0.7079625129699707, 0.6099291443824768, 0.5162408351898193, 0.44426488876342773, 0.38006123900413513, 0.33439332246780396, 0.2806057929992676, 0.23636609315872192, 0.23003073036670685, 0.18807898461818695, 0.17205044627189636, 0.1446107178926468, 0.1398938149213791, 0.12707817554473877, 0.1124216616153717], "val_accuracy": [0.3903172016143799, 0.5595993399620056, 0.670450747013092, 0.6858096718788147, 0.7145242094993591, 0.7535893321037292, 0.795325517654419, 0.8196995258331299, 0.8106845021247864, 0.8370617628097534, 0.8347245454788208, 0.8370617628097534, 0.8627712726593018, 0.8791319131851196, 0.8814691305160522, 0.877128541469574, 0.8831385374069214, 0.8808013200759888, 0.895158588886261, 0.8914858102798462], "val_loss": [1.686138391494751, 1.2434959411621094, 0.9866986274719238, 0.911925733089447, 0.8224461674690247, 0.7592851519584656, 0.6133400797843933, 0.5283620357513428, 0.5712793469429016, 0.5054189562797546, 0.4875562787055969, 0.5078519582748413, 0.46390196681022644, 0.4168277680873871, 0.40496620535850525, 0.4234635829925537, 0.412262499332428, 0.41779425740242004, 0.37739428877830505, 0.40387001633644104]}